#{"t_start": 1754078716.2519405, "env_id": "None"}
r,l,t
42.333793,251,3.496315
-8.522987,251,5.268248
0.994772,251,7.168338
-5.429762,251,8.942402
-2.53613,251,10.531853
36.357575,251,12.199921
28.281146,251,13.726302
34.128808,251,15.268733
23.956964,251,44.89792
38.46031,251,46.350683
57.930061,251,47.784065
110.360049,251,49.533863
73.58472,251,51.135732
28.785503,251,52.672784
36.283313,251,54.308949
-13.547063,251,55.765892
-8.441345,251,85.833843
69.079639,251,87.373165
34.798746,251,88.969749
8.848831,52,89.265904
30.425442,251,90.976945
14.862003,251,92.815919
64.977846,251,94.503951
66.317743,251,96.199786
55.729961,251,97.738996
15.550836,38,98.054016
-12.943031,251,128.208413
36.395863,63,128.61873
3.512382,251,130.150567
31.760824,251,131.8112
-36.505656,251,133.392048
17.411948,40,133.651823
46.445296,251,135.350767
32.074891,251,136.871608
67.689667,251,138.507709
10.588965,52,139.013927
21.184901,58,139.337944
19.252596,58,139.689095
22.74099,251,169.710671
48.057993,119,170.550479
-3.733082,91,171.117857
19.471074,49,171.475819
28.07758,251,173.061833
47.62024,69,173.480226
101.02118,251,175.237881
25.876376,51,175.536451
15.294611,251,177.223966
10.186046,251,178.983723
63.256585,251,180.699878
34.555815,251,210.988872
48.44936,40,211.21769
-1.607365,251,212.748248
27.163572,66,213.234672
12.271767,251,214.745546
-38.689601,251,216.374363
34.200425,251,218.12775
-46.404339,251,219.77969
25.262243,42,220.041253
24.441146,52,220.407267
12.80027,251,221.975342
7.696127,251,223.692613
27.405381,251,254.059556
30.638729,52,254.41342
30.309294,66,254.874336
3.540268,59,255.209671
5.564336,103,255.917468
95.307692,251,257.495362
19.47654,251,259.227129
27.779945,251,260.897688
37.508314,62,261.262601
40.687407,80,261.834465
27.61703,55,262.165883
28.991507,251,263.729003
30.09938,72,264.451809
17.619627,251,266.027476
43.12124,57,295.491218
-9.476158,95,296.039768
76.530058,251,297.548356
43.191646,251,299.237398
43.587282,251,300.925542
37.517586,251,302.625579
72.507517,251,304.204012
17.683741,251,305.775121
57.79461,251,307.629057
70.810587,251,337.770321
35.621445,57,338.100213
35.251619,57,338.561264
112.473869,116,339.217618
44.194969,251,341.157681
59.589272,251,342.701896
36.866034,88,343.468291
37.964773,92,344.041465
3.785296,251,345.935422
39.696099,52,346.313423
63.906021,251,348.071216
34.589748,56,348.417202
80.797932,251,350.164594
0.6694,251,380.556672
26.738569,53,380.872926
46.167046,251,382.503301
73.202372,251,384.219423
40.286356,251,385.761277
111.715047,251,387.462133
44.832415,251,389.196066
34.758308,56,389.534122
13.336635,82,390.094936
63.575387,87,390.605023
104.407391,251,392.347318
72.118079,61,392.765047
80.070158,251,423.23027
46.146922,251,424.854934
86.276308,251,426.391248
33.317845,58,426.713179
17.090067,176,428.056055
53.026436,251,429.783841
54.509607,251,431.338153
69.250084,251,432.960316
8.40206,201,434.149295
33.196639,251,437.335045
47.051153,138,467.378847
48.154452,251,468.92235
61.947655,251,470.51235
45.222358,57,470.937498
143.186276,251,472.580751
83.093,251,474.29682
40.996741,251,475.901851
7.711542,43,476.416895
29.984434,39,476.659458
58.177667,251,478.18041
39.758982,115,478.934811
65.925101,251,509.996969
39.819394,54,510.278642
47.422297,86,510.86838
50.213963,63,511.24461
40.175741,69,511.632928
53.372703,79,512.187036
57.995641,251,513.73096
51.92767,251,515.368429
36.315341,70,515.932676
83.729807,251,517.474749
46.926114,251,519.638967
28.889558,251,521.728663
72.299711,251,523.274489
106.5841,251,553.754442
81.982658,251,555.424813
70.628705,251,557.091151
71.265474,251,558.682636
66.616313,251,560.340458
84.892006,251,561.899727
54.921195,251,563.766395
23.204176,46,564.054343
76.094844,251,565.638963
53.545789,251,596.430968
99.403404,251,597.948726
68.197018,251,599.590557
75.348393,251,601.254693
95.714478,251,602.826627
36.235754,118,603.651702
68.180873,251,605.251194
73.922731,251,607.169006
65.967878,251,637.76026
51.891282,251,639.441517
20.322913,251,640.990192
97.29764,251,642.538174
50.028335,251,644.366605
82.571072,251,645.918514
61.836055,251,647.445117
80.45198,251,649.224322
55.025897,251,679.586112
130.448471,251,681.147276
68.321672,251,682.734155
53.027612,251,684.232106
97.281628,251,685.948064
75.464985,251,687.588418
133.820699,251,689.180165
111.668137,251,690.820496
110.622831,251,692.483024
2.502306,40,721.925607
76.824521,251,723.614063
34.591042,53,723.916136
89.990696,251,725.464249
87.022356,251,727.305138
74.138247,251,728.9221
52.223141,146,729.914281
93.044425,251,731.554302
103.734308,251,733.325139
88.933658,251,734.862394
85.256827,251,765.479945
118.126923,251,766.997996
150.392653,251,768.670092
100.216966,251,770.395827
85.475223,251,771.94608
96.977809,251,773.590661
99.432851,251,775.294074
77.125599,251,776.877925
109.774544,251,807.579645
77.593379,251,809.177754
93.092071,251,810.914077
121.957369,251,812.646196
161.517,251,814.222106
102.078246,251,815.951896
128.823906,251,817.611342
7.130063,42,817.853714
95.461255,251,819.553883
48.63366,83,820.029893
127.54676,251,851.221542
141.828191,251,852.877648
109.237684,251,854.396064
124.670435,251,856.120221
119.217315,251,857.789781
99.170962,251,859.349629
70.22472,251,861.197602
94.554022,251,862.773772
77.580069,251,893.179647
76.047596,108,893.925988
107.913317,251,895.453438
57.504885,251,897.233716
66.843397,251,898.865449
72.296899,251,900.461837
115.714184,251,902.119188
139.344853,251,903.74962
175.839685,251,905.347927
137.837117,251,935.73742
166.078105,251,937.303493
106.992143,251,939.093762
101.427075,251,940.779125
120.127542,251,942.337843
90.162692,251,944.119152
63.202984,64,944.544642
78.915399,64,944.913474
58.216612,66,945.441416
151.608177,251,947.018733
104.076418,251,978.1357
137.053807,251,979.683419
121.680466,251,981.488253
122.941535,251,983.099703
122.034046,251,984.679739
88.878988,251,986.413555
67.138126,251,988.06353
97.073805,251,989.767025
88.696563,251,1020.279412
89.376376,251,1021.830503
95.341045,251,1023.479363
115.044852,251,1027.706419
102.90034,251,1029.501325
113.687189,251,1031.051476
116.32691,251,1032.603144
98.80189,251,1034.369503
88.507668,251,1065.124003
130.836102,251,1066.669881
113.657797,251,1068.370768
136.862209,251,1070.157197
127.527827,251,1071.735466
127.049474,251,1073.393374
29.142134,99,1074.110498
55.780197,66,1074.525232
51.327197,87,1075.102027
96.244157,251,1076.657999
77.948549,251,1108.731873
128.067165,251,1110.282908
92.215288,251,1111.944905
164.582462,251,1113.618601
161.622445,251,1115.228667
132.878835,158,1116.23687
125.783391,251,1117.954931
59.535788,251,1119.626707
104.780095,251,1121.281021
94.854628,149,1151.365548
164.337618,251,1152.902765
131.206046,251,1154.457777
141.589967,251,1156.259015
54.156371,53,1156.583165
140.233247,251,1158.149691
81.721786,251,1159.844825
155.737424,251,1161.498941
112.307564,251,1163.095201
119.525594,251,1193.556836
113.507916,251,1195.11958
134.506448,251,1196.639146
107.055542,251,1198.394812
100.528647,251,1199.967005
84.533997,251,1201.538787
113.753777,251,1203.141249
50.071094,57,1203.562805
85.354394,251,1205.304673
115.112825,251,1235.870312
127.196807,251,1237.394809
21.884928,58,1237.826972
98.804536,251,1239.390723
108.687636,251,1241.14668
103.251949,251,1242.748385
155.320703,251,1244.30886
130.009553,251,1246.126431
113.100986,251,1247.702537
122.538035,251,1278.554145
134.230128,251,1280.064351
121.938911,251,1281.610233
102.581441,251,1283.389616
91.180705,251,1284.962747
168.810967,251,1286.516248
97.916973,251,1288.31641
94.177058,251,1289.940267
112.040719,251,1320.710485
95.634577,251,1322.202481
104.949967,251,1323.740504
113.429501,251,1325.432376
97.474452,251,1326.988642
116.882939,251,1328.780746
73.833639,251,1330.739501
83.750676,56,1331.150735
98.597502,251,1332.753377
129.012573,251,1363.190695
64.879133,53,1363.607729
25.756542,47,1363.886618
93.349779,251,1365.427945
91.369562,251,1366.988402
172.091627,232,1368.636964
142.605878,251,1370.170713
77.503358,64,1370.5905
140.917003,251,1372.26229
24.503989,43,1372.502387
189.220815,251,1374.070123
173.217086,251,1375.806486
126.989432,251,1406.274523
78.110413,61,1406.712091
43.941253,64,1407.060209
152.575333,251,1408.634095
196.173383,251,1410.387985
109.214379,59,1410.751174
164.099319,251,1412.296186
169.417414,251,1413.966288
99.051034,251,1415.586152
100.583085,251,1417.172304
127.220169,77,1417.731071
137.7853,251,1448.007984
143.658951,251,1449.744351
174.089367,251,1451.284341
174.082602,251,1452.900114
117.658636,251,1454.600497
137.994187,251,1456.19445
79.326692,58,1456.533943
148.766746,251,1458.494212
108.84026,251,1460.029833
167.307077,251,1490.88581
88.999488,63,1491.333325
36.851953,53,1491.788841
211.348011,251,1493.465897
189.199455,251,1495.147007
89.00259,54,1495.515953
169.128815,251,1497.122271
158.908439,251,1498.895977
167.461365,251,1500.528328
66.648499,57,1500.842077
141.679687,251,1502.564289
176.353955,251,1532.701725
128.287349,251,1534.254061
192.454249,251,1535.807385
162.587565,251,1537.585776
205.860274,251,1539.176303
203.911068,251,1540.914221
230.306071,251,1542.613146
150.498582,251,1544.331812
135.121188,251,1574.7797
181.918878,251,1576.285624
231.591518,251,1578.05972
157.851237,251,1579.891288
78.171109,49,1580.30561
84.323309,95,1580.8119
179.346189,251,1582.60724
105.804598,57,1583.021618
156.018363,251,1584.891634
199.295954,251,1586.559633
159.147242,251,1617.285805
154.614445,251,1619.003569
113.52426,251,1620.538662
127.455605,251,1622.457149
138.922985,251,1624.051584
144.00772,251,1625.711527
127.978353,251,1627.628963
189.332667,251,1629.219627
124.013808,251,1630.887606
83.497203,63,1664.49394
154.459,251,1666.168874
128.700561,251,1667.746497
190.527276,251,1669.423384
219.630794,251,1671.249052
222.157133,251,1672.959107
192.284957,251,1674.569692
199.040529,251,1676.233869
85.724842,59,1676.761284
150.835757,251,1709.821639
163.284943,251,1711.469156
48.215968,64,1712.053663
185.764235,251,1713.68901
149.813934,251,1715.435479
247.913607,251,1717.121323
122.502643,251,1719.110434
220.855624,251,1720.671608
190.443117,251,1722.337443
111.642556,251,1754.301105
108.601225,46,1754.638341
111.80161,63,1755.102527
240.469867,251,1756.709222
177.291589,251,1758.511552
175.904492,251,1760.049414
260.059112,251,1761.641446
84.491707,61,1762.062591
215.548761,251,1763.793411
142.548745,251,1765.288753
210.84972,251,1767.143507
165.487204,251,1798.206094
241.269434,251,1799.713193
73.295201,57,1800.057389
133.073213,251,1802.081277
204.076055,251,1803.671045
147.196637,251,1805.41314
196.522416,251,1807.071098
195.318764,251,1808.571377
157.494025,251,1810.249091
234.148062,251,1841.317339
287.726191,251,1842.811209
258.906325,251,1844.318856
168.685686,251,1845.808709
183.663451,251,1847.578967
193.191836,251,1849.102936
38.995944,42,1849.359679
168.936823,251,1850.908842
268.21971,251,1852.602892
237.067601,251,1883.992796
338.270105,251,1885.503167
303.287355,251,1887.224961
98.265863,251,1888.800963
274.923093,251,1890.308392
45.904853,63,1890.742188
183.201652,251,1892.439291
290.368467,251,1894.10305
283.717117,251,1895.679641
294.666113,251,1931.738831
248.967171,251,1933.578515
262.39077,251,1935.766045
334.797228,251,1937.524852
273.685257,251,1939.638066
276.768478,251,1941.520782
243.81144,251,1944.431954
254.365805,251,1946.475285
233.080063,251,1982.497291
294.296306,251,1984.53643
279.833736,251,1986.305383
333.046895,251,1987.845478
264.576123,251,1989.40059
219.279088,251,1991.004901
280.069806,251,1992.504405
297.637571,251,1995.152421
281.513696,251,2028.6907
325.434257,251,2030.354548
316.853963,251,2032.045053
297.031514,251,2033.522438
285.922201,251,2035.357178
274.007914,251,2036.90445
152.7636,63,2037.236425
279.487462,251,2038.687985
242.609853,251,2040.2661
345.950908,251,2072.724279
335.065467,251,2074.239364
308.475052,251,2075.914528
175.784798,97,2076.604109
306.9558,251,2078.134671
304.372386,251,2079.650414
351.424027,251,2081.344315
317.168222,251,2085.172232
302.060834,251,2086.810213
367.22404,251,2117.800522
169.767951,251,2119.275656
347.557179,251,2120.9083
366.974718,251,2122.384519
270.353742,251,2124.04246
143.440821,53,2124.473906
367.517356,251,2126.018477
299.061208,251,2127.597896
340.457049,251,2158.217122
128.970556,74,2158.638012
416.451406,251,2160.122112
358.724478,251,2161.712958
337.473956,251,2163.386925
354.354342,251,2164.872161
332.510598,251,2166.500276
372.61549,251,2168.070226
335.942633,251,2169.617493
420.568722,251,2200.005414
378.658955,251,2201.504245
340.432375,251,2202.955891
363.524395,251,2204.681973
350.042404,251,2206.182771
391.43386,251,2207.63291
147.695179,85,2208.209839
21.063245,38,2208.474261
359.269583,251,2210.063628
374.537542,251,2211.539969
355.572566,251,2242.344012
364.708474,251,2243.76279
358.171896,251,2245.355245
428.320928,251,2246.914222
283.171933,251,2248.496764
405.233962,251,2249.977726
49.840571,59,2250.460191
351.021263,251,2251.995844
359.120106,251,2253.521944
347.8889,251,2284.45203
344.331971,251,2285.872953
399.550329,251,2287.379715
348.182966,251,2289.159839
361.437629,251,2290.653414
360.139996,251,2292.197663
399.243851,251,2293.821769
364.320343,251,2295.317487
393.365086,251,2326.565406
402.296691,251,2327.99442
370.336896,251,2329.507894
375.647804,251,2331.2677
429.491763,251,2332.825448
358.135199,251,2334.301893
417.226691,251,2335.86981
433.421714,251,2337.449939
377.52388,251,2368.009782
375.770076,251,2369.622796
124.959496,92,2370.146874
340.760669,251,2371.786714
359.766557,251,2373.408134
384.856706,251,2374.938102
360.641542,251,2376.576964
395.698031,251,2378.121204
321.923692,251,2379.690067
364.33898,251,2410.669566
375.081351,251,2412.109635
414.570176,251,2413.821057
449.336585,251,2415.671514
436.766905,251,2417.14568
389.430158,251,2418.841717
394.855067,251,2420.508183
400.421724,251,2422.051629
345.104349,251,2452.787041
439.816522,251,2454.323445
393.514294,251,2455.757581
427.030279,251,2457.574183
384.332288,251,2459.086263
336.120937,251,2460.713355
392.37588,251,2462.479308
378.642416,251,2463.96404
432.887098,251,2494.621353
384.933061,251,2496.107255
390.081688,251,2497.504328
438.753867,251,2499.103564
425.774772,251,2500.703529
414.835748,251,2502.166271
448.733686,251,2503.607162
408.143994,251,2505.325742
368.815927,251,2506.860989
402.755012,251,2537.51924
419.668605,251,2539.063127
440.134661,251,2540.587159
444.312622,251,2542.221391
443.108003,251,2543.865044
413.484258,251,2545.367788
451.773107,251,2546.869279
415.361335,251,2548.431854
453.375413,251,2579.891803
448.136375,251,2581.429058
414.963851,251,2582.975986
429.11448,251,2584.703002
476.26051,251,2586.277264
471.646747,251,2587.83324
475.042074,251,2589.603007
460.108651,251,2591.10288
23.676859,53,2591.402344
458.600971,251,2622.883043
394.849592,251,2624.496863
433.64696,251,2626.243056
463.776542,251,2628.484497
479.189495,251,2632.530746
484.908437,251,2634.429121
473.52394,251,2635.952821
450.891661,251,2637.468793
412.974598,251,2670.231791
441.798164,251,2672.090346
497.567567,251,2673.625229
499.783416,251,2675.128624
172.139773,65,2675.658801
477.235124,251,2677.422153
440.821417,251,2679.066899
487.494234,251,2680.494841
500.623533,251,2681.972755
440.495763,251,2713.498906
428.099133,251,2715.165023
449.260024,251,2716.955868
447.333981,251,2718.768473
473.873196,251,2720.387074
415.783805,251,2721.967144
537.638809,251,2723.625239
460.484427,251,2725.115313
447.022429,251,2759.873642
526.660159,251,2761.612683
425.060479,251,2763.529726
453.35647,251,2765.296825
479.785262,251,2767.072374
494.039245,251,2768.646375
422.511158,251,2770.127187
427.308937,251,2771.687184
472.534953,251,2805.796585
451.776242,251,2807.31543
442.251179,251,2809.100011
481.997052,251,2810.991811
436.069259,251,2812.710319
507.282752,251,2815.060311
465.607538,251,2816.958461
434.988121,251,2818.572076
501.227892,251,2852.540415
464.588704,251,2854.340347
472.050226,251,2856.008332
468.871179,251,2857.853397
508.714579,251,2859.828221
459.227077,251,2861.614249
443.684194,251,2863.156127
453.934695,251,2864.734005
489.529977,251,2898.870063
518.523188,251,2900.666104
526.607323,251,2902.28813
397.91698,251,2904.080174
489.191391,251,2905.59826
564.370865,251,2907.163249
516.115537,251,2908.849994
510.642061,251,2910.410386
544.756996,251,2942.739942
498.846473,251,2944.296558
520.878586,251,2945.878236
507.953724,251,2947.701485
514.086492,251,2949.404533
480.49093,251,2951.290304
499.103677,251,2952.875393
526.406925,251,2954.453969
520.589499,251,2956.090076
581.581044,251,2986.951873
537.033655,251,2988.585539
424.542255,251,2990.10989
525.914393,251,2991.681784
565.373017,251,2993.381022
577.916607,251,2994.886213
566.111222,251,2996.399799
570.808262,251,2998.023897
512.653461,251,3029.261698
560.546978,251,3030.798076
514.950749,251,3032.374001
530.982474,251,3033.941629
597.220042,251,3035.596773
502.556546,251,3037.211879
548.409226,251,3038.719732
596.191877,251,3040.37201
404.467305,251,3071.817508
528.838458,251,3073.332923
518.12134,251,3075.161708
568.762225,251,3076.873359
597.893458,251,3078.413826
559.949444,251,3080.081425
573.361328,251,3081.596046
533.371146,251,3083.153361
573.727948,251,3114.363767
557.38941,251,3115.980737
570.432663,251,3117.453915
505.15805,251,3119.01321
533.323625,251,3120.699813
581.603521,251,3122.246391
582.303501,251,3123.771643
587.576554,251,3125.331673
564.521361,251,3157.047473
585.599815,251,3158.783408
571.396065,251,3163.116564
497.085809,251,3164.681287
627.59833,251,3166.243479
579.017652,251,3167.925305
519.195884,251,3169.439351
572.478218,251,3170.94106
547.244545,251,3202.549277
549.782859,251,3204.167338
597.737431,251,3205.875067
559.733237,251,3207.479388
582.084903,251,3209.217237
615.769825,251,3210.761699
582.539131,251,3212.29959
536.660162,251,3213.98513
577.521901,251,3215.531206
632.113006,251,3246.907192
632.956304,251,3248.445037
654.545326,251,3250.015141
606.220369,251,3251.683055
550.852883,251,3253.214941
631.096588,251,3254.717455
649.645025,251,3256.383251
607.47005,251,3257.88735
594.220222,251,3289.842583
571.730796,251,3291.613331
577.063459,251,3293.201081
553.764485,251,3294.899097
575.876379,251,3296.512264
565.801469,251,3298.031112
519.232624,251,3299.764631
553.44511,251,3301.318602
600.481042,251,3334.46878
623.55818,251,3336.169063
596.108029,251,3337.73228
627.031143,251,3339.385273
605.722847,251,3341.183127
537.126301,251,3342.70568
593.240151,251,3344.458571
628.641445,251,3345.989559
566.523494,251,3378.380744
565.292119,251,3379.94987
663.170438,251,3381.598777
617.150744,251,3383.368904
643.611828,251,3384.966741
638.851954,251,3386.791687
613.769872,251,3388.406839
635.000298,251,3390.021053
601.666805,251,3422.27494
663.409325,251,3423.980634
650.47501,251,3425.602442
613.65544,251,3427.344599
633.326686,251,3429.008691
668.336747,251,3430.672613
607.56744,251,3432.479755
611.030113,251,3434.068655
678.741521,251,3467.492712
626.652384,251,3469.068423
700.704503,251,3470.649102
721.442597,251,3472.384326
551.715468,251,3474.001074
633.293179,251,3475.710435
640.457871,251,3477.348881
613.419046,251,3478.911667
650.497999,251,3480.549357
588.650289,251,3515.760455
670.827156,251,3517.584225
746.569819,251,3519.329717
662.413511,251,3520.919814
573.007865,251,3522.562448
656.013261,251,3524.308286
681.376507,251,3525.848734
607.734263,251,3527.450359
599.888529,251,3560.043732
646.480059,251,3561.768323
110.403008,92,3562.312335
617.368822,251,3563.826158
511.611806,251,3565.583303
648.607335,251,3567.122345
610.822107,251,3568.708277
624.008785,251,3570.276589
608.689508,251,3571.814037
649.815033,251,3608.808338
563.832156,251,3610.786269
653.025885,251,3613.001188
501.703794,251,3615.386524
698.852266,251,3618.049647
652.583364,251,3620.41707
708.71246,251,3622.627701
657.38111,251,3624.499187
258.213029,251,3658.124403
10.045064,251,3660.702688
51.663818,50,3661.230496
38.951758,251,3663.436003
62.496154,251,3665.291286
69.669698,251,3667.363427
-43.359075,251,3669.503727
12.17595,251,3671.363682
-8.235185,251,3673.391249
15.399473,251,3709.76168
-29.351795,251,3711.89974
-14.709526,251,3713.873867
-33.253314,251,3715.952696
-35.614027,251,3718.070718
-32.890204,251,3720.087826
-36.663791,251,3722.085763
-32.757649,251,3724.216211
-31.941028,251,3758.521854
40.063162,44,3759.002243
44.778161,49,3759.327945
45.310602,51,3759.733697
38.915796,66,3760.347656
35.322352,44,3760.654108
17.105909,251,3762.969773
52.642631,251,3765.11304
36.472385,62,3765.55371
32.857368,47,3765.889852
49.556653,67,3766.530972
26.286718,251,3768.553939
36.045274,251,3770.4656
34.990428,251,3772.581689
28.570101,47,3773.047771
41.262259,48,3773.703976
8.638904,251,3808.156135
28.198989,58,3808.891318
16.550134,251,3811.35136
58.078326,251,3813.172587
32.795962,43,3813.704205
31.165843,48,3814.033612
36.988725,42,3814.327516
39.471427,44,3814.755604
25.126387,42,3815.051461
40.291045,46,3815.367466
33.831034,43,3815.658948
35.972075,251,3817.764724
24.793126,65,3818.25041
29.262947,45,3818.647714
19.946331,251,3820.948162
24.651071,45,3821.309571
39.209421,54,3821.832227
37.55034,104,3822.700653
43.338479,44,3823.280806
16.747588,251,3860.048722
27.657317,50,3860.376298
33.779333,57,3860.753894
21.710451,251,3862.670573
41.097096,44,3863.04125
47.152994,59,3863.413201
40.583946,61,3863.96168
14.918745,251,3866.361921
66.001926,251,3868.280484
32.479008,52,3868.797359
86.546929,251,3870.564374
41.498264,51,3871.036794
32.242816,61,3871.440051
37.081569,61,3871.893296
37.847426,64,3872.440162
73.654668,251,3874.327688
18.49453,43,3874.724203
32.009866,54,3875.073053
20.138583,44,3875.363587
44.986661,52,3906.947088
35.818103,251,3908.803211
72.995149,251,3910.918797
42.485654,43,3911.244156
26.486209,48,3911.558481
60.086245,251,3913.664288
96.698924,251,3915.657379
86.508954,251,3917.952525
42.008398,61,3918.47029
38.563631,251,3920.468412
-8.43627,251,3922.350786
35.950961,48,3922.820699
56.988174,251,3955.748429
138.250373,251,3957.693453
24.343129,251,3959.658587
76.874326,251,3961.7229
35.975342,251,3963.594319
58.981688,251,3965.419167
11.58387,251,3967.151869
88.356203,251,3968.978576
38.050639,251,4002.875139
28.824503,77,4003.507261
102.935114,251,4005.349295
45.372821,251,4007.413492
73.864831,251,4009.392828
59.079405,251,4011.345183
101.818513,251,4013.397127
74.302882,251,4015.377376
26.080505,60,4015.832959
28.624259,47,4016.19306
41.353126,55,4016.651133
31.034552,44,4016.915285
89.014834,251,4052.777211
83.025233,251,4055.018712
115.207916,251,4057.162347
120.499129,251,4059.417243
35.189288,41,4059.893781
33.084366,50,4060.220148
104.260703,251,4062.251138
71.275876,251,4064.54489
108.586417,251,4066.329893
66.903043,251,4068.230584
99.361911,251,4103.647438
35.688914,48,4104.05219
98.413817,251,4106.099144
77.058916,251,4108.106018
27.446746,51,4108.614739
87.637362,251,4110.714016
89.132427,251,4112.664944
69.854783,251,4114.857073
67.845716,251,4116.826785
62.206616,251,4151.474961
31.578114,44,4151.880578
105.639936,251,4153.75273
96.525681,251,4155.716661
78.316215,251,4157.572551
112.762315,251,4159.560442
121.528465,251,4161.479008
62.321734,251,4163.294943
69.244947,251,4165.244732
107.154211,251,4198.299641
47.436905,43,4198.630056
111.523553,251,4200.507784
136.745595,251,4202.436904
108.789226,251,4204.399744
83.614115,251,4206.620507
82.057223,251,4208.99484
100.986951,251,4212.145113
47.794814,60,4212.557611
115.548776,251,4215.164721
149.49325,251,4250.187038
119.143421,251,4252.548307
136.245685,251,4254.696893
135.033998,251,4256.478826
41.200659,49,4256.801838
199.175434,251,4259.548939
122.149063,251,4261.568587
38.505216,74,4262.218313
134.393619,251,4264.219241
56.710396,251,4266.330344
104.549907,251,4301.878878
149.019463,251,4304.298158
137.87012,251,4306.174389
151.654556,251,4307.872686
39.363192,80,4308.485382
38.068966,45,4308.762275
132.093583,251,4311.097833
146.237445,251,4317.386356
122.341432,251,4319.278147
121.274298,251,4350.421241
134.831222,251,4352.358481
135.537145,251,4354.236084
115.923975,251,4356.011147
143.572242,251,4357.884275
142.525686,251,4359.678864
141.54221,251,4361.516373
131.723444,251,4363.400735
120.006348,251,4365.15419
136.039373,251,4396.746175
155.62943,251,4398.584012
115.637914,251,4400.377445
150.813942,251,4402.274078
184.29523,251,4404.00431
47.452771,63,4404.532176
133.029845,251,4406.220224
159.415155,251,4408.038123
131.234721,251,4409.730439
140.246365,251,4441.596119
172.863561,251,4443.295784
54.427663,251,4445.157025
142.415171,251,4447.63412
135.405522,251,4450.12614
146.855958,251,4452.471928
158.025296,251,4454.163906
115.624163,251,4456.038132
180.180629,251,4487.605897
76.253523,251,4489.301538
44.596557,64,4489.835719
196.891956,251,4491.569964
133.610963,251,4493.515524
143.418216,251,4495.267918
109.840229,251,4497.112336
120.876852,251,4498.835861
157.212054,251,4500.62537
160.672335,251,4531.55351
168.610179,251,4533.227702
178.835814,251,4535.068808
164.120817,251,4536.811815
214.306791,251,4538.720855
117.785291,251,4540.477507
206.330381,251,4542.211728
171.038474,251,4543.931773
191.860591,251,4575.823531
197.158359,251,4577.550955
165.665753,251,4579.465463
138.722161,251,4581.155564
51.280721,65,4581.619453
174.825249,251,4583.413068
178.237378,251,4585.265387
178.431348,251,4586.885592
203.490066,251,4588.590735
176.056264,251,4620.365609
190.814777,251,4622.041316
168.207122,251,4623.923349
171.600421,251,4625.666879
190.92486,251,4627.523682
161.756938,251,4629.26346
171.834171,251,4631.151209
164.754164,251,4632.905479
186.430148,251,4664.196392
174.123908,251,4665.927386
171.757353,251,4667.777564
142.537709,251,4669.523545
184.4054,251,4671.3264
143.752943,251,4673.046713
169.074622,251,4674.913303
192.148547,251,4676.62608
178.938528,251,4707.859405
205.26807,251,4709.677304
191.908566,251,4711.378756
126.760571,251,4713.24715
165.193478,251,4715.041279
217.738809,251,4716.983446
194.138469,251,4718.614992
197.565662,251,4720.305937
132.222163,251,4750.755356
197.381881,251,4752.407564
188.71782,251,4754.179327
165.750832,251,4755.907154
191.284674,251,4757.710681
186.101546,251,4759.391172
158.555204,251,4761.205376
192.804585,251,4762.896638
206.041634,251,4793.848974
171.247609,251,4795.466472
220.147004,251,4797.294967
174.826212,251,4798.984994
76.586496,71,4799.565986
68.174694,76,4800.020987
196.431457,251,4801.823216
57.584087,74,4802.301152
183.443377,251,4804.180621
218.61046,251,4805.842743
187.484356,251,4807.50282
216.908979,251,4838.409158
232.580639,251,4840.200579
176.560944,251,4841.859171
188.687087,251,4843.680066
172.586612,251,4845.302873
71.059988,79,4845.979464
146.465271,251,4847.697017
166.976333,251,4849.470631
198.036713,251,4880.316539
260.443225,251,4882.072811
42.390197,59,4882.412928
152.844735,81,4883.017929
257.043265,251,4884.677971
233.886277,251,4886.527023
193.805144,251,4888.234942
240.048008,251,4890.132696
207.566762,251,4891.808444
213.002865,251,4893.524556
184.758035,72,4894.086038
205.744291,251,4927.992443
227.212978,251,4929.818878
145.965221,251,4931.474381
232.977915,251,4933.068821
180.20834,76,4933.666882
155.848968,251,4935.255854
245.226895,251,4937.021555
191.008484,91,4937.57841
251.089879,251,4939.349543
260.246227,251,4969.61237
240.323026,251,4971.210241
144.984903,251,4972.992604
238.03266,251,4974.732379
222.449883,251,4976.526489
257.650468,251,4978.185345
162.935208,62,4978.614537
67.943483,99,4979.299181
192.163841,251,4980.95639
154.328251,251,4982.716681
143.130578,251,5013.502352
169.864297,251,5015.144608
197.581169,88,5015.766755
235.240856,251,5017.46667
235.124895,251,5019.228488
151.257088,251,5021.054353
226.78298,251,5022.713685
213.417581,251,5024.55061
182.583943,72,5025.01972
58.303426,106,5025.822159
259.546162,251,5060.744545
79.984827,94,5061.312585
135.060301,251,5063.140104
243.184484,251,5064.800387
187.547913,76,5065.270455
115.730186,251,5067.197664
311.340732,251,5069.124121
135.566541,251,5070.864261
150.712261,251,5072.854484
185.645384,62,5073.305085
162.040511,251,5107.015318
56.537353,93,5107.83007
292.830191,251,5109.956319
227.818545,251,5111.740444
147.879983,251,5113.762198
326.522216,251,5115.446102
173.752986,59,5115.973916
157.219913,61,5116.341578
193.923,86,5116.821886
302.739879,251,5118.662315
182.352632,78,5119.199416
226.657115,251,5121.118264
165.521823,69,5153.874239
212.647996,74,5154.531809
287.725908,251,5156.348024
130.803083,251,5158.244229
293.48981,251,5160.213999
257.067277,251,5162.233958
313.471692,251,5164.278608
193.546664,66,5164.713913
213.631603,80,5165.649176
167.259268,251,5167.439511
338.655154,251,5169.23629
178.516907,84,5202.517749
205.953645,71,5203.160087
147.485429,251,5205.011884
299.579961,251,5207.113797
151.338617,251,5209.311867
155.197278,63,5209.713799
169.484266,251,5211.695827
171.971557,251,5213.447981
364.369347,251,5215.401761
165.5641,251,5217.415017
167.919293,251,5250.544003
355.052394,251,5253.115245
179.702785,251,5255.226654
381.206579,251,5257.263068
180.531631,57,5257.660547
203.870495,71,5258.073574
306.246059,251,5260.178231
144.520831,251,5262.101593
178.019287,56,5262.463771
173.76754,251,5264.253563
